id,first_name,last_name,email,gender
1,Barbabra,Pentecust,bpentecust0@mail.ru,Female
2,Sayer,Briscow,sbriscow1@mapy.cz,Male
3,Nissie,Everil,neveril2@reddit.com,Female
4,Clement,Josling,cjosling3@slate.com,Male
5,Tanhya,Biskupek,tbiskupek4@apache.org,Female
6,Adelbert,Rickertsen,arickertsen5@telegraph.co.uk,Male
7,Trixy,Abernethy,tabernethy6@issuu.com,Female
8,Tiffanie,Brigman,tbrigman7@sciencedaily.com,Female
9,Winfield,Andreazzi,wandreazzi8@blinklist.com,Male
10,Louisette,Crim,lcrim9@mediafire.com,Female
11,Hymie,Mougel,hmougela@xinhuanet.com,Male
12,Jeanelle,Pleaden,jpleadenb@illinois.edu,Female
13,Isador,Dear,idearc@si.edu,Male
14,Bald,Conlaund,bconlaundd@hostgator.com,Male
15,Cilka,Rothwell,crothwelle@51.la,Female
16,Davidde,Jurasek,djurasekf@ucsd.edu,Male
17,Clemmie,Yourell,cyourellg@businessweek.com,Female
18,Robina,Matiashvili,rmatiashvilih@360.cn,Female
19,Denver,Latchmore,dlatchmorei@wp.com,Male
20,Kyle,Brandt,kbrandtj@aol.com,Female
21,Baxy,Baume,bbaumek@foxnews.com,Male
22,Wilhelm,Hector,whectorl@jalbum.net,Male
23,Edwina,Gisbye,egisbyem@youtu.be,Female
24,Carly,Gocke,cgocken@sohu.com,Male
25,Garnette,Jacobsohn,gjacobsohno@eventbrite.com,Female
26,Ragnar,Dearden,rdeardenp@apple.com,Male
27,Ardelia,Vamplers,avamplersq@wikia.com,Female
28,Mitch,Marcome,mmarcomer@wordpress.org,Male
29,Zita,Bramford,zbramfords@simplemachines.org,Female
30,Man,Dayly,mdaylyt@ft.com,Male
31,Neile,Darracott,ndarracottu@cocolog-nifty.com,Female
32,Westley,Cortes,wcortesv@state.tx.us,Male
33,Mirella,Stuchbury,mstuchburyw@google.it,Female
34,Franciskus,Cakes,fcakesx@arstechnica.com,Male
35,Earle,Pinnick,epinnicky@artisteer.com,Male
36,Corny,Extence,cextencez@msu.edu,Male
37,Jess,Shemwell,jshemwell10@ehow.com,Female
38,Wesley,Myatt,wmyatt11@ft.com,Male
39,Kriste,Kensitt,kkensitt12@ibm.com,Female
40,Harv,Childes,hchildes13@hugedomains.com,Male
41,Shanan,Burbury,sburbury14@harvard.edu,Male
42,Aldon,Jull,ajull15@is.gd,Male
43,Priscilla,Skerman,pskerman16@usatoday.com,Female
44,Elisha,Isakovic,eisakovic17@smugmug.com,Female
45,Kellyann,Tremaine,ktremaine18@domainmarket.com,Female
46,Valry,Stollmeier,vstollmeier19@ehow.com,Female
47,Brad,Denisard,bdenisard1a@wp.com,Male
48,Scott,Jeaycock,sjeaycock1b@elegantthemes.com,Male
49,Linn,Dibbert,ldibbert1c@utexas.edu,Female
50,Claudia,Devereux,cdevereux1d@illinois.edu,Female
51,Wanids,Girdlestone,wgirdlestone1e@uol.com.br,Female
52,Perry,Croyser,pcroyser1f@wiley.com,Male
53,Carolyne,Tommis,ctommis1g@wp.com,Female
54,Marwin,Trinke,mtrinke1h@bandcamp.com,Male
55,Kermit,Cutill,kcutill1i@latimes.com,Male
56,Tobye,McRill,tmcrill1j@bloglovin.com,Female
57,Kerri,Gordon-Giles,kgordongiles1k@wikimedia.org,Female
58,Arlan,Woodhall,awoodhall1l@uol.com.br,Male
59,Christoforo,Press,cpress1m@nih.gov,Male
60,Antonietta,Mollison,amollison1n@webmd.com,Female
61,Timothee,Pilger,tpilger1o@t-online.de,Male
62,Drucill,Carlo,dcarlo1p@naver.com,Female
63,Janessa,Tudge,jtudge1q@census.gov,Female
64,June,Mulheron,jmulheron1r@xing.com,Female
65,Krissy,Chipperfield,kchipperfield1s@wiley.com,Female
66,Donnajean,Jorczyk,djorczyk1t@fastcompany.com,Female
67,Gilberto,Piggot,gpiggot1u@gmpg.org,Male
68,Phedra,Penson,ppenson1v@comcast.net,Female
69,Tully,Leaburn,tleaburn1w@cbslocal.com,Male
70,Suzie,Underhill,sunderhill1x@google.com,Female
71,Nancie,Schroeder,nschroeder1y@meetup.com,Female
72,Berthe,Dunwoody,bdunwoody1z@addtoany.com,Female
73,Phyllys,Maffei,pmaffei20@bluehost.com,Female
74,Ruggiero,Bubbins,rbubbins21@ning.com,Male
75,Roby,MacCartney,rmaccartney22@shinystat.com,Female
76,Mathe,Tredger,mtredger23@eepurl.com,Male
77,Josepha,Keizman,jkeizman24@upenn.edu,Female
78,Shaun,McNelis,smcnelis25@about.com,Male
79,Doretta,McElrath,dmcelrath26@examiner.com,Female
80,Loleta,Ilsley,lilsley27@dyndns.org,Female
81,Alexis,Purchase,apurchase28@geocities.com,Female
82,Leonore,Shippam,lshippam29@google.pl,Female
83,Uriah,Bratley,ubratley2a@omniture.com,Male
84,Pincus,Orbine,porbine2b@wordpress.org,Male
85,Ariel,Gioani,agioani2c@fda.gov,Female
86,Daren,Berkeley,dberkeley2d@quantcast.com,Male
87,Aili,Dyers,adyers2e@sciencedaily.com,Female
88,Huntington,Greeveson,hgreeveson2f@reuters.com,Male
89,Teodor,Sisley,tsisley2g@netvibes.com,Male
90,Jerald,Rangell,jrangell2h@yolasite.com,Male
91,Alicea,Phizakarley,aphizakarley2i@printfriendly.com,Female
92,Darnall,Kennelly,dkennelly2j@patch.com,Male
93,Janey,O'Skehan,joskehan2k@studiopress.com,Female
94,Alonzo,Tummasutti,atummasutti2l@imgur.com,Male
95,Barton,Dashper,bdashper2m@globo.com,Male
96,Stephi,Scatcher,sscatcher2n@wikipedia.org,Female
97,Shandy,Crippin,scrippin2o@cam.ac.uk,Female
98,Quintin,O'Scollee,qoscollee2p@nifty.com,Male
99,Kalle,Florey,kflorey2q@java.com,Male
100,Bobbe,Turk,bturk2r@printfriendly.com,Female
101,Aubrie,Rushbrook,arushbrook2s@php.net,Female
102,Lu,Mayo,lmayo2t@deliciousdays.com,Female
103,Erena,Manis,emanis2u@dropbox.com,Female
104,Nathaniel,Venard,nvenard2v@dot.gov,Male
105,Lisha,Reppaport,lreppaport2w@java.com,Female
106,Petra,Beggi,pbeggi2x@nydailynews.com,Female
107,Avery,Yantsurev,ayantsurev2y@cam.ac.uk,Male
108,Sayre,O'Hannay,sohannay2z@live.com,Female
109,Pieter,Fladgate,pfladgate30@flavors.me,Male
110,Damien,Margiotta,dmargiotta31@hexun.com,Male
111,Dalt,Alves,dalves32@gravatar.com,Male
112,Keenan,Backhurst,kbackhurst33@com.com,Male
113,Waiter,Urling,wurling34@oaic.gov.au,Male
114,Matthus,Firth,mfirth35@spiegel.de,Male
115,Gertrudis,Ollett,gollett36@blogtalkradio.com,Female
116,Matti,Daniaud,mdaniaud37@columbia.edu,Female
117,Arlene,Gercke,agercke38@free.fr,Female
118,Kailey,Severn,ksevern39@istockphoto.com,Female
119,Martita,Durnall,mdurnall3a@bing.com,Female
120,Ase,Mordey,amordey3b@tinypic.com,Male
121,Doti,Sarjent,dsarjent3c@elegantthemes.com,Female
122,Gan,Smullin,gsmullin3d@posterous.com,Male
123,Arline,Stede,astede3e@technorati.com,Female
124,Chantalle,Wonfar,cwonfar3f@facebook.com,Female
125,Boone,Baulch,bbaulch3g@dedecms.com,Male
126,Theodore,Lorey,tlorey3h@hp.com,Male
127,Ewen,Mundee,emundee3i@cnn.com,Male
128,Loleta,Stibbs,lstibbs3j@jigsy.com,Female
129,Jobyna,Willimont,jwillimont3k@ezinearticles.com,Female
130,Arron,McGettrick,amcgettrick3l@guardian.co.uk,Male
131,Shelley,Becket,sbecket3m@google.com.au,Male
132,Aryn,Petrello,apetrello3n@altervista.org,Female
133,Christiana,MacFarlan,cmacfarlan3o@deviantart.com,Female
134,Bearnard,Moulson,bmoulson3p@zimbio.com,Male
135,Diarmid,Sailes,dsailes3q@ted.com,Male
136,Ira,McGinley,imcginley3r@blogger.com,Male
137,Brenn,Malins,bmalins3s@diigo.com,Female
138,Edita,Hawgood,ehawgood3t@admin.ch,Female
139,Gradey,Fehner,gfehner3u@usa.gov,Male
140,Gerry,Kleinber,gkleinber3v@businessinsider.com,Female
141,Felizio,Papierz,fpapierz3w@artisteer.com,Male
142,Gaspard,Richardt,grichardt3x@imdb.com,Male
143,Merrile,Varndall,mvarndall3y@i2i.jp,Female
144,Yancy,Marin,ymarin3z@freewebs.com,Male
145,Ardith,Bosward,abosward40@seesaa.net,Female
146,Etty,Ellerbeck,eellerbeck41@independent.co.uk,Female
147,Avis,Knuckles,aknuckles42@mozilla.com,Female
148,Noami,Brunsden,nbrunsden43@unesco.org,Female
149,Janos,Fernihough,jfernihough44@hc360.com,Male
150,Elaine,Piggen,epiggen45@techcrunch.com,Female
151,Nanci,Setterthwait,nsetterthwait46@histats.com,Female
152,Chic,Danton,cdanton47@thetimes.co.uk,Male
153,Arda,Hiscoe,ahiscoe48@house.gov,Female
154,Trenton,Burgill,tburgill49@baidu.com,Male
155,Beverlie,Crumby,bcrumby4a@va.gov,Female
156,Eryn,Johnstone,ejohnstone4b@apple.com,Female
157,Caesar,Ferreres,cferreres4c@xrea.com,Male
158,Margeaux,Mogey,mmogey4d@imdb.com,Female
159,Moss,Giorgioni,mgiorgioni4e@imageshack.us,Male
160,Wernher,Blase,wblase4f@angelfire.com,Male
161,Chelsey,Zollner,czollner4g@list-manage.com,Female
162,Selena,Toop,stoop4h@gov.uk,Female
163,Guy,Bampton,gbampton4i@reverbnation.com,Male
164,Adrian,Pither,apither4j@nhs.uk,Female
165,Danyelle,Clelle,dclelle4k@surveymonkey.com,Female
166,Merrill,Janku,mjanku4l@ucoz.com,Male
167,Fernanda,Venneur,fvenneur4m@marriott.com,Female
168,Porty,Barok,pbarok4n@bing.com,Male
169,Toni,Barthod,tbarthod4o@washingtonpost.com,Female
170,Timi,Elphinstone,telphinstone4p@adobe.com,Female
171,Elmer,Corbyn,ecorbyn4q@blogs.com,Male
172,Gibbie,Runnalls,grunnalls4r@sitemeter.com,Male
173,Lucas,Bootell,lbootell4s@ed.gov,Male
174,Alick,Joffe,ajoffe4t@washington.edu,Male
175,Odille,Matchell,omatchell4u@google.com.au,Female
176,Brynn,Crayton,bcrayton4v@blogger.com,Female
177,Bradford,Alves,balves4w@yahoo.co.jp,Male
178,Kristopher,Ketchaside,kketchaside4x@privacy.gov.au,Male
179,Angil,Oene,aoene4y@sina.com.cn,Female
180,Carey,Franklyn,cfranklyn4z@cafepress.com,Female
181,Nathalie,Macauley,nmacauley50@macromedia.com,Female
182,Kingsly,Malletratt,kmalletratt51@github.com,Male
183,Zach,Goddman,zgoddman52@is.gd,Male
184,Fey,Kittle,fkittle53@jiathis.com,Female
185,Alf,Hollidge,ahollidge54@netscape.com,Male
186,Emanuele,Luchelli,eluchelli55@ifeng.com,Male
187,Shandy,Crop,scrop56@harvard.edu,Female
188,Michel,Castellaccio,mcastellaccio57@e-recht24.de,Male
189,Deirdre,Seleway,dseleway58@answers.com,Female
190,Hewitt,Taborre,htaborre59@goo.ne.jp,Male
191,Linoel,Scothron,lscothron5a@dailymotion.com,Male
192,Vyky,Olesen,volesen5b@blinklist.com,Female
193,Yasmin,Veregan,yveregan5c@nasa.gov,Female
194,Rudolfo,Newns,rnewns5d@ezinearticles.com,Male
195,Laurence,Conigsby,lconigsby5e@irs.gov,Male
196,Brittney,McDugal,bmcdugal5f@alexa.com,Female
197,Pedro,Neylan,pneylan5g@google.com.br,Male
198,Gearalt,Meron,gmeron5h@soundcloud.com,Male
199,Barnaby,Itzik,bitzik5i@wiley.com,Male
200,Joshuah,Dargue,jdargue5j@ow.ly,Male
201,Amil,Jurkiewicz,ajurkiewicz5k@foxnews.com,Female
202,Theo,McGenis,tmcgenis5l@yahoo.com,Female
203,Robinet,Summerskill,rsummerskill5m@ucoz.ru,Male
204,Rosemonde,Garrish,rgarrish5n@artisteer.com,Female
205,Karna,Castagna,kcastagna5o@paginegialle.it,Female
206,Coralie,Trustey,ctrustey5p@geocities.jp,Female
207,Nickolaus,Gude,ngude5q@phoca.cz,Male
208,Luci,Spera,lspera5r@npr.org,Female
209,Massimiliano,Goldes,mgoldes5s@nymag.com,Male
210,Flory,Whyte,fwhyte5t@aol.com,Female
211,Ashleigh,Bolwell,abolwell5u@discuz.net,Female
212,Lonnie,Wroath,lwroath5v@weebly.com,Male
213,Jenifer,Falcus,jfalcus5w@pcworld.com,Female
214,Lacie,Circuit,lcircuit5x@narod.ru,Female
215,Carolynn,Regan,cregan5y@europa.eu,Female
216,Elita,Elford,eelford5z@dailymotion.com,Female
217,Charlie,Lennox,clennox60@archive.org,Male
218,Audre,Lorenzetto,alorenzetto61@indiegogo.com,Female
219,Abbie,Hearon,ahearon62@statcounter.com,Male
220,Delinda,Rackham,drackham63@hhs.gov,Female
221,Ware,Pennycock,wpennycock64@squidoo.com,Male
222,Kathryne,Stoacley,kstoacley65@hexun.com,Female
223,Gregorius,Fountain,gfountain66@nyu.edu,Male
224,Ramsey,Dealey,rdealey67@usda.gov,Male
225,Ronnie,McGlashan,rmcglashan68@addtoany.com,Male
226,Dulcia,Dorsett,ddorsett69@arstechnica.com,Female
227,Shandeigh,Romeuf,sromeuf6a@aol.com,Female
228,Mab,Rue,mrue6b@china.com.cn,Female
229,Thorin,Champain,tchampain6c@godaddy.com,Male
230,Ferdy,Slowgrove,fslowgrove6d@jiathis.com,Male
231,Brooke,Dunniom,bdunniom6e@stanford.edu,Male
232,Albina,Panswick,apanswick6f@msn.com,Female
233,Hillyer,Souza,hsouza6g@nationalgeographic.com,Male
234,Doll,Bradane,dbradane6h@typepad.com,Female
235,Christos,Timms,ctimms6i@china.com.cn,Male
236,Tarra,Snasel,tsnasel6j@globo.com,Female
237,Alysa,Jaouen,ajaouen6k@google.pl,Female
238,Lorne,Giacomuzzi,lgiacomuzzi6l@cbsnews.com,Male
239,Penny,Woodroofe,pwoodroofe6m@dell.com,Female
240,Spence,Grogor,sgrogor6n@flickr.com,Male
241,Clementius,Blondin,cblondin6o@squidoo.com,Male
242,Minnaminnie,McAlinden,mmcalinden6p@independent.co.uk,Female
243,Roarke,Kebbell,rkebbell6q@cnn.com,Male
244,Titus,Fere,tfere6r@columbia.edu,Male
245,Keefer,Tandey,ktandey6s@cmu.edu,Male
246,Hershel,Martelet,hmartelet6t@surveymonkey.com,Male
247,Dorine,Tudor,dtudor6u@google.fr,Female
248,Lexis,Corde,lcorde6v@sourceforge.net,Female
249,Rollins,Anstiss,ranstiss6w@eventbrite.com,Male
250,Arabella,Mogg,amogg6x@macromedia.com,Female
251,Tracy,Smittoune,tsmittoune6y@godaddy.com,Female
252,Stepha,Gatcliff,sgatcliff6z@wp.com,Female
253,Cassaundra,Fairest,cfairest70@google.fr,Female
254,Andy,Bruck,abruck71@irs.gov,Male
255,Salome,Wraggs,swraggs72@mashable.com,Female
256,Lambert,Mantripp,lmantripp73@meetup.com,Male
257,Maurizio,Wyche,mwyche74@sfgate.com,Male
258,Wynn,Dunhill,wdunhill75@sitemeter.com,Female
259,Margarete,Davidek,mdavidek76@vimeo.com,Female
260,Mattheus,Kier,mkier77@hostgator.com,Male
261,Consolata,Dowglass,cdowglass78@list-manage.com,Female
262,Linnell,Fishley,lfishley79@cocolog-nifty.com,Female
263,Kaiser,Chedgey,kchedgey7a@blogs.com,Male
264,Corty,Bowmer,cbowmer7b@baidu.com,Male
265,Conrade,Becconsall,cbecconsall7c@xrea.com,Male
266,Ezri,Sholl,esholl7d@themeforest.net,Male
267,Jessamine,Dorking,jdorking7e@time.com,Female
268,Ainslee,Isles,aisles7f@google.ru,Female
269,Kimball,Liger,kliger7g@photobucket.com,Male
270,Cathlene,Edmans,cedmans7h@sun.com,Female
271,Aurora,Canto,acanto7i@unblog.fr,Female
272,Cherin,Rummery,crummery7j@baidu.com,Female
273,Lindsey,Marmion,lmarmion7k@unc.edu,Male
274,Phillida,Girardot,pgirardot7l@mac.com,Female
275,Gail,MacAdie,gmacadie7m@ocn.ne.jp,Male
276,Catharina,Dhenin,cdhenin7n@bbc.co.uk,Female
277,Abramo,Legrice,alegrice7o@cbslocal.com,Male
278,Pepillo,Wordley,pwordley7p@archive.org,Male
279,Torrence,Cumming,tcumming7q@whitehouse.gov,Male
280,Dexter,MacIlwrick,dmacilwrick7r@answers.com,Male
281,Stesha,Greeno,sgreeno7s@jimdo.com,Female
282,Kora,Cardoo,kcardoo7t@intel.com,Female
283,Jodee,Januszkiewicz,jjanuszkiewicz7u@fema.gov,Female
284,Kassandra,Fandrich,kfandrich7v@flickr.com,Female
285,Vinnie,Di Bartolomeo,vdibartolomeo7w@sciencedaily.com,Male
286,Raynell,Stilly,rstilly7x@home.pl,Female
287,Osbourne,Care,ocare7y@wikimedia.org,Male
288,Marybelle,Fiddler,mfiddler7z@blogs.com,Female
289,Ronny,Widmore,rwidmore80@constantcontact.com,Female
290,Lucias,Marson,lmarson81@hugedomains.com,Male
291,Enriqueta,Okell,eokell82@nytimes.com,Female
292,Rollins,Ganter,rganter83@pinterest.com,Male
293,Laurene,Crate,lcrate84@wikia.com,Female
294,Mae,Vickors,mvickors85@lycos.com,Female
295,Griffy,Samweyes,gsamweyes86@marketwatch.com,Male
296,Ina,Reese,ireese87@ustream.tv,Female
297,Sabina,Simyson,ssimyson88@cloudflare.com,Female
298,Lisetta,Cockell,lcockell89@about.me,Female
299,Siegfried,Manston,smanston8a@about.com,Male
300,Broderick,Astill,bastill8b@yahoo.com,Male
301,Cyndia,Blandford,cblandford8c@foxnews.com,Female
302,Angil,O'Mohun,aomohun8d@theguardian.com,Female
303,Maddi,Barkway,mbarkway8e@arstechnica.com,Female
304,Kelby,Jacob,kjacob8f@t-online.de,Male
305,Rosy,Sheryn,rsheryn8g@berkeley.edu,Female
306,Granville,Leverentz,gleverentz8h@list-manage.com,Male
307,Natale,Maria,nmaria8i@seesaa.net,Male
308,Rozanne,Hevner,rhevner8j@linkedin.com,Female
309,Madelina,Turford,mturford8k@gmpg.org,Female
310,Patin,Pottes,ppottes8l@studiopress.com,Male
311,Netty,Acock,nacock8m@google.es,Female
312,Gilbert,Fowls,gfowls8n@dion.ne.jp,Male
313,Boyd,Barcke,bbarcke8o@godaddy.com,Male
314,Aindrea,Flowitt,aflowitt8p@globo.com,Female
315,Tallulah,Curreen,tcurreen8q@blogspot.com,Female
316,Neila,Summerhayes,nsummerhayes8r@gnu.org,Female
317,Colman,Mayze,cmayze8s@hhs.gov,Male
318,Orv,Karpfen,okarpfen8t@nydailynews.com,Male
319,Gardie,Monteath,gmonteath8u@last.fm,Male
320,Adey,Vickress,avickress8v@state.gov,Female
321,Marcel,Zanini,mzanini8w@google.fr,Male
322,Michail,Yashaev,myashaev8x@apple.com,Male
323,Dora,Mathis,dmathis8y@jalbum.net,Female
324,Aprilette,Peer,apeer8z@technorati.com,Female
325,Jilleen,Morriarty,jmorriarty90@sciencedirect.com,Female
326,Kym,Rampton,krampton91@g.co,Female
327,Selene,Balderstone,sbalderstone92@kickstarter.com,Female
328,Rana,Shattock,rshattock93@printfriendly.com,Female
329,Emlynne,Wayon,ewayon94@upenn.edu,Female
330,Axe,Durgan,adurgan95@hubpages.com,Male
331,Derwin,Brook,dbrook96@goo.ne.jp,Male
332,Leisha,Brilon,lbrilon97@e-recht24.de,Female
333,Danya,Thredder,dthredder98@typepad.com,Male
334,Randie,Cubbit,rcubbit99@aboutads.info,Male
335,Bar,Lovell,blovell9a@jimdo.com,Male
336,Chrysler,Seath,cseath9b@theatlantic.com,Female
337,Joshuah,Wurz,jwurz9c@about.me,Male
338,Tallie,Dudin,tdudin9d@sbwire.com,Female
339,Jaymie,Coppins,jcoppins9e@tinyurl.com,Male
340,Maud,Scamadine,mscamadine9f@free.fr,Female
341,Salomi,Dimitriev,sdimitriev9g@instagram.com,Female
342,Jillian,Olyet,jolyet9h@intel.com,Female
343,Homere,Linklater,hlinklater9i@cornell.edu,Male
344,Alexandre,Rickards,arickards9j@vinaora.com,Male
345,Cary,Gilman,cgilman9k@acquirethisname.com,Female
346,Jorgan,Sousa,jsousa9l@imageshack.us,Male
347,Morgen,Prestner,mprestner9m@naver.com,Female
348,Cale,Brandreth,cbrandreth9n@nature.com,Male
349,Vera,Shepton,vshepton9o@ustream.tv,Female
350,Minta,Lacasa,mlacasa9p@va.gov,Female
351,Helaine,Barritt,hbarritt9q@oaic.gov.au,Female
352,Poppy,Eckh,peckh9r@tinyurl.com,Female
353,Damon,O'Hengerty,dohengerty9s@biglobe.ne.jp,Male
354,Millicent,Piecha,mpiecha9t@ifeng.com,Female
355,Hermine,Egerton,hegerton9u@squarespace.com,Female
356,Patin,Mote,pmote9v@webeden.co.uk,Male
357,Claudianus,Livingstone,clivingstone9w@examiner.com,Male
358,Cordelie,Auty,cauty9x@home.pl,Female
359,Candide,Cotta,ccotta9y@indiatimes.com,Female
360,Aristotle,Lukes,alukes9z@cpanel.net,Male
361,Dari,Grabb,dgrabba0@fc2.com,Female
362,Idette,Docharty,idochartya1@zimbio.com,Female
363,Caryl,O'Reilly,coreillya2@smh.com.au,Female
364,Caye,Bladder,cbladdera3@vkontakte.ru,Female
365,Estel,Santer,esantera4@discovery.com,Female
366,Willetta,Kubal,wkubala5@istockphoto.com,Female
367,Bertina,Manley,bmanleya6@nature.com,Female
368,Weider,McMoyer,wmcmoyera7@4shared.com,Male
369,Hatty,Kyle,hkylea8@netvibes.com,Female
370,Patrice,Johnke,pjohnkea9@engadget.com,Female
371,Benson,Vicker,bvickeraa@gizmodo.com,Male
372,Roberta,Hasley,rhasleyab@bigcartel.com,Female
373,Leeanne,Axelbee,laxelbeeac@eepurl.com,Female
374,Virgilio,Andover,vandoverad@amazon.com,Male
375,Ozzie,Axtens,oaxtensae@privacy.gov.au,Male
376,Caitlin,Walklot,cwalklotaf@dagondesign.com,Female
377,Pascale,Rilston,prilstonag@wikipedia.org,Male
378,Morrie,Gregersen,mgregersenah@house.gov,Male
379,Jonathon,Birrel,jbirrelai@squarespace.com,Male
380,Heda,Ioselevich,hioselevichaj@cdc.gov,Female
381,Brok,Wilsdon,bwilsdonak@msu.edu,Male
382,Cindelyn,Cattrell,ccattrellal@bandcamp.com,Female
383,Lynna,Dunderdale,ldunderdaleam@unblog.fr,Female
384,Myrle,Curson,mcursonan@loc.gov,Female
385,Elfie,Cupitt,ecupittao@com.com,Female
386,Gae,Moden,gmodenap@princeton.edu,Female
387,Theo,Mila,tmilaaq@163.com,Male
388,Caryl,Pizer,cpizerar@domainmarket.com,Female
389,Brooks,Absolom,babsolomas@usa.gov,Male
390,Davis,Brassill,dbrassillat@canalblog.com,Male
391,Philbert,Youthed,pyouthedau@cocolog-nifty.com,Male
392,Kennith,Ivery,kiveryav@auda.org.au,Male
393,Myles,Chark,mcharkaw@sun.com,Male
394,Charmian,Roglieri,croglieriax@wufoo.com,Female
395,Erhart,Iacobassi,eiacobassiay@imdb.com,Male
396,Chantalle,Petkov,cpetkovaz@google.it,Female
397,Devy,Jaspar,djasparb0@globo.com,Male
398,Pearle,Wallicker,pwallickerb1@ebay.com,Female
399,Benny,Bonney,bbonneyb2@t-online.de,Female
400,Jarad,Turmell,jturmellb3@miitbeian.gov.cn,Male
401,Abbe,Writtle,awrittleb4@bigcartel.com,Male
402,Urbanus,Bolsteridge,ubolsteridgeb5@google.com,Male
403,Orrin,Kippax,okippaxb6@java.com,Male
404,Michail,Doogue,mdoogueb7@dropbox.com,Male
405,Phillie,Tweedy,ptweedyb8@cmu.edu,Female
406,Boigie,Dawtry,bdawtryb9@oaic.gov.au,Male
407,Matilde,Linwood,mlinwoodba@shareasale.com,Female
408,Hamid,Fitzroy,hfitzroybb@umn.edu,Male
409,Elroy,Nevet,enevetbc@about.com,Male
410,Nedi,Carillo,ncarillobd@google.fr,Female
411,Sebastiano,Strauss,sstraussbe@vistaprint.com,Male
412,Catriona,Colpus,ccolpusbf@gnu.org,Female
413,Torre,Manchester,tmanchesterbg@jigsy.com,Male
414,Dwayne,Alessandrelli,dalessandrellibh@usda.gov,Male
415,Marline,Karel,mkarelbi@about.me,Female
416,Lena,Maclaine,lmaclainebj@meetup.com,Female
417,Hamnet,Dimmack,hdimmackbk@about.com,Male
418,Arv,Bulward,abulwardbl@paypal.com,Male
419,Aggie,Eliez,aeliezbm@stanford.edu,Female
420,Gregoire,Ianni,giannibn@usnews.com,Male
421,Kerrin,Mattielli,kmattiellibo@lulu.com,Female
422,Genni,Teligin,gteliginbp@hp.com,Female
423,Nichols,Howells,nhowellsbq@va.gov,Male
424,Kerry,Bryce,kbrycebr@cmu.edu,Male
425,Yankee,Bouskill,ybouskillbs@tripadvisor.com,Male
426,Christal,Thompsett,cthompsettbt@miitbeian.gov.cn,Female
427,Thaxter,Brolan,tbrolanbu@wunderground.com,Male
428,Robin,Stichall,rstichallbv@home.pl,Male
429,Cristiano,Merman,cmermanbw@bing.com,Male
430,Sigfried,Fickling,sficklingbx@wix.com,Male
431,Giacinta,Uzielli,guzielliby@parallels.com,Female
432,Floria,Dyter,fdyterbz@theguardian.com,Female
433,Arne,Tomczykiewicz,atomczykiewiczc0@aboutads.info,Male
434,Marthe,Chad,mchadc1@virginia.edu,Female
435,Bunny,Rous,brousc2@amazon.co.jp,Female
436,Erick,Kerwen,ekerwenc3@tripod.com,Male
437,Palmer,Goodspeed,pgoodspeedc4@dyndns.org,Male
438,Rockie,Eaklee,reakleec5@blog.com,Male
439,Cicily,Blockley,cblockleyc6@sakura.ne.jp,Female
440,Emmery,Longhorne,elonghornec7@oakley.com,Male
441,Lela,Le Marquis,llemarquisc8@elpais.com,Female
442,Lizbeth,Scrimgeour,lscrimgeourc9@sogou.com,Female
443,Claudell,Armsby,carmsbyca@mapquest.com,Male
444,Tiphanie,Vallender,tvallendercb@php.net,Female
445,Bo,Jeanes,bjeanescc@feedburner.com,Male
446,Ray,McAleese,rmcaleesecd@themeforest.net,Male
447,Melody,Lednor,mlednorce@chron.com,Female
448,Cassandre,Pinnigar,cpinnigarcf@nature.com,Female
449,Evin,Jowers,ejowerscg@simplemachines.org,Male
450,Enoch,Mushet,emushetch@google.es,Male
451,Odey,Kosel,okoselci@arizona.edu,Male
452,Abrahan,Bignell,abignellcj@cnbc.com,Male
453,Godfrey,Balcon,gbalconck@tmall.com,Male
454,Pearl,Moncreiff,pmoncreiffcl@phpbb.com,Female
455,Grata,Hulles,ghullescm@hhs.gov,Female
456,Gardner,Ratt,grattcn@paypal.com,Male
457,Orran,Alsop,oalsopco@sourceforge.net,Male
458,Kynthia,Dyos,kdyoscp@free.fr,Female
459,Eugene,Leek,eleekcq@amazon.co.uk,Male
460,Kincaid,Pollard,kpollardcr@flavors.me,Male
461,Liesa,Cattach,lcattachcs@wsj.com,Female
462,Gerrie,Denisevich,gdenisevichct@wikipedia.org,Male
463,Gladys,Apedaile,gapedailecu@irs.gov,Female
464,Arni,Carik,acarikcv@europa.eu,Male
465,Beatrice,Akast,bakastcw@forbes.com,Female
466,Mireille,Gibson,mgibsoncx@tamu.edu,Female
467,Alanah,Scothron,ascothroncy@flickr.com,Female
468,Trudey,Chiese,tchiesecz@unesco.org,Female
469,Bram,Badam,bbadamd0@go.com,Male
470,Hubert,Ruby,hrubyd1@utexas.edu,Male
471,Bianka,MacMechan,bmacmechand2@deviantart.com,Female
472,Rey,Atack,ratackd3@time.com,Female
473,Mead,Pawlata,mpawlatad4@simplemachines.org,Male
474,Norrie,Balcock,nbalcockd5@nationalgeographic.com,Male
475,Bellina,Heild,bheildd6@nationalgeographic.com,Female
476,Barrie,MacKegg,bmackeggd7@wsj.com,Male
477,Zaria,Dellit,zdellitd8@hatena.ne.jp,Female
478,Cheri,Bertolaccini,cbertolaccinid9@nifty.com,Female
479,Marietta,Willshee,mwillsheeda@aboutads.info,Male
480,Moshe,Smaridge,msmaridgedb@vimeo.com,Male
481,Giuseppe,holmes,gholmesdc@admin.ch,Male
482,Charlton,Palle,cpalledd@deviantart.com,Male
483,Gaile,Murtimer,gmurtimerde@yellowbook.com,Male
484,Vic,Nacey,vnaceydf@who.int,Male
485,Linus,Rickcord,lrickcorddg@360.cn,Male
486,Catharina,Cadogan,ccadogandh@blinklist.com,Female
487,Kennett,Scintsbury,kscintsburydi@wordpress.org,Male
488,Rudyard,Lazare,rlazaredj@unblog.fr,Male
489,Mathian,Butterfield,mbutterfielddk@weibo.com,Male
490,Sunny,Hovee,shoveedl@ca.gov,Female
491,Giulio,Elmhirst,gelmhirstdm@archive.org,Male
492,Allsun,Brazer,abrazerdn@creativecommons.org,Female
493,Hasheem,Wyss,hwyssdo@microsoft.com,Male
494,Mavis,Vernalls,mvernallsdp@rakuten.co.jp,Female
495,Gibby,Rapps,grappsdq@jalbum.net,Male
496,Ciro,Ahearne,cahearnedr@mashable.com,Male
497,Jammie,Argont,jargontds@mysql.com,Female
498,Libbi,Nestle,lnestledt@hud.gov,Female
499,Fleming,Aindriu,faindriudu@umich.edu,Male
500,Eamon,Paradin,eparadindv@elegantthemes.com,Male
501,Stavro,Edscer,sedscerdw@cnbc.com,Male
502,Boniface,Collinge,bcollingedx@geocities.jp,Male
503,Eolande,Moysey,emoyseydy@constantcontact.com,Female
504,Florian,Sample,fsampledz@ca.gov,Male
505,Ailbert,Succamore,asuccamoree0@marketwatch.com,Male
506,Cyndi,Lotwich,clotwiche1@liveinternet.ru,Female
507,Krystle,Sailor,ksailore2@tmall.com,Female
508,Bennett,Hartil,bhartile3@yahoo.com,Male
509,Algernon,Treweela,atreweelae4@about.com,Male
510,Reagen,Cotte,rcottee5@gnu.org,Male
511,Silvio,Feeley,sfeeleye6@ftc.gov,Male
512,Izabel,Prydden,ipryddene7@nymag.com,Female
513,Elsie,Batchelour,ebatcheloure8@w3.org,Female
514,Berton,Safell,bsafelle9@quantcast.com,Male
515,Brynne,Seiler,bseilerea@buzzfeed.com,Female
516,Clement,Fuentez,cfuentezeb@msn.com,Male
517,Lethia,Tytherton,ltythertonec@ycombinator.com,Female
518,Karlotta,Kenna,kkennaed@usnews.com,Female
519,Brion,Pendlington,bpendlingtonee@squarespace.com,Male
520,Rees,Casassa,rcasassaef@oaic.gov.au,Male
521,Raddy,Kelling,rkellingeg@aboutads.info,Male
522,Lucius,Shaughnessy,lshaughnessyeh@sina.com.cn,Male
523,Faunie,Hodjetts,fhodjettsei@studiopress.com,Female
524,Tulley,Romei,tromeiej@webs.com,Male
525,Chad,Bockin,cbockinek@php.net,Female
526,Clayborne,Whitlow,cwhitlowel@ihg.com,Male
527,Marcela,Krolik,mkrolikem@ibm.com,Female
528,Edsel,Bemrose,ebemroseen@who.int,Male
529,Haze,Guppy,hguppyeo@51.la,Male
530,Reinwald,Reedy,rreedyep@aol.com,Male
531,Brianna,Giacoppo,bgiacoppoeq@stumbleupon.com,Female
532,Travis,Charter,tcharterer@hatena.ne.jp,Male
533,Rodolph,Skala,rskalaes@creativecommons.org,Male
534,Mariquilla,Zettoi,mzettoiet@harvard.edu,Female
535,Lorelei,Maultby,lmaultbyeu@posterous.com,Female
536,Gilbert,Flannery,gflanneryev@posterous.com,Male
537,Nola,Capp,ncappew@facebook.com,Female
538,Bradly,Heindle,bheindleex@hc360.com,Male
539,Greer,Blaschke,gblaschkeey@hexun.com,Female
540,Davita,Dell Casa,ddellcasaez@indiatimes.com,Female
541,Karolina,Chater,kchaterf0@youtube.com,Female
542,Wilmette,Chalfont,wchalfontf1@gravatar.com,Female
543,Wendel,Trodden,wtroddenf2@harvard.edu,Male
544,Raimund,Vardon,rvardonf3@tripod.com,Male
545,Dionne,Foxworthy,dfoxworthyf4@slate.com,Female
546,Lodovico,Wilbore,lwilboref5@reuters.com,Male
547,Raeann,Powers,rpowersf6@pinterest.com,Female
548,Linus,Colleton,lcolletonf7@uol.com.br,Male
549,Minette,Chilvers,mchilversf8@princeton.edu,Female
550,Hilde,Allott,hallottf9@tuttocitta.it,Female
551,Kacey,Peartree,kpeartreefa@devhub.com,Female
552,Teresina,Eary,tearyfb@youtube.com,Female
553,Jocelin,Pykett,jpykettfc@123-reg.co.uk,Female
554,Marlowe,Illem,millemfd@usa.gov,Male
555,Laurice,Costa,lcostafe@infoseek.co.jp,Female
556,Joann,Mowne,jmowneff@indiegogo.com,Female
557,Othello,Whitbread,owhitbreadfg@webmd.com,Male
558,Xena,Brookbank,xbrookbankfh@vinaora.com,Female
559,Penn,Blanking,pblankingfi@epa.gov,Male
560,Rosmunda,Sandys,rsandysfj@smugmug.com,Female
561,Germaine,Elders,geldersfk@bloomberg.com,Female
562,Nana,Lowry,nlowryfl@howstuffworks.com,Female
563,Elsy,Garton,egartonfm@walmart.com,Female
564,Dominique,Meriot,dmeriotfn@livejournal.com,Female
565,Bucky,McCobb,bmccobbfo@earthlink.net,Male
566,Maury,McCurry,mmccurryfp@weather.com,Male
567,Lorenzo,Rookledge,lrookledgefq@wikispaces.com,Male
568,Tedi,Biggs,tbiggsfr@forbes.com,Female
569,Sampson,Nickels,snickelsfs@dyndns.org,Male
570,Noble,Brunroth,nbrunrothft@ucoz.ru,Male
571,Jackqueline,Krause,jkrausefu@godaddy.com,Female
572,Eamon,De la Eglise,edelaeglisefv@prlog.org,Male
573,Tania,Poli,tpolifw@blogs.com,Female
574,Herculie,Perigeaux,hperigeauxfx@hugedomains.com,Male
575,Carolee,Slesser,cslesserfy@netvibes.com,Female
576,Kym,Guiducci,kguiduccifz@princeton.edu,Female
577,Rudolfo,Bremeyer,rbremeyerg0@addtoany.com,Male
578,Raff,Brager,rbragerg1@ucoz.ru,Male
579,Britney,Dunnan,bdunnang2@ted.com,Female
580,Maribeth,Featherstone,mfeatherstoneg3@huffingtonpost.com,Female
581,Carey,Poate,cpoateg4@odnoklassniki.ru,Female
582,Jamaal,Tebbitt,jtebbittg5@addtoany.com,Male
583,Gerrard,Armatage,garmatageg6@istockphoto.com,Male
584,Shari,Hinzer,shinzerg7@mail.ru,Female
585,Keene,Bloy,kbloyg8@facebook.com,Male
586,Anabal,Grangier,agrangierg9@imgur.com,Female
587,Emmett,Ternouth,eternouthga@theguardian.com,Male
588,Thorstein,Schaumaker,tschaumakergb@privacy.gov.au,Male
589,Parker,Grooby,pgroobygc@alexa.com,Male
590,Diarmid,Osant,dosantgd@blogger.com,Male
591,Britte,St. Hill,bsthillge@ustream.tv,Female
592,Gladys,Gwatkins,ggwatkinsgf@youtube.com,Female
593,Greg,Gaspard,ggaspardgg@devhub.com,Male
594,Valaria,Klempke,vklempkegh@cloudflare.com,Female
595,Dina,Murcutt,dmurcuttgi@yandex.ru,Female
596,Harri,Hache,hhachegj@cdc.gov,Female
597,Pier,Rother,prothergk@bravesites.com,Female
598,Clerc,Gobel,cgobelgl@clickbank.net,Male
599,Abeu,Jeaycock,ajeaycockgm@cbslocal.com,Male
600,Harlen,Soigne,hsoignegn@taobao.com,Male
601,Malina,Waddie,mwaddiego@oracle.com,Female
602,Genevra,Spall,gspallgp@biblegateway.com,Female
603,Gibby,Mantz,gmantzgq@simplemachines.org,Male
604,Margaretta,Whitham,mwhithamgr@weibo.com,Female
605,Kai,Keymar,kkeymargs@acquirethisname.com,Female
606,Darbee,Francesch,dfranceschgt@parallels.com,Male
607,Mirabella,Maggill'Andreis,mmaggillandreisgu@smugmug.com,Female
608,Gawen,Cheltnam,gcheltnamgv@sphinn.com,Male
609,Bria,Calvard,bcalvardgw@japanpost.jp,Female
610,Jake,Strooband,jstroobandgx@wikispaces.com,Male
611,Goran,Duinbleton,gduinbletongy@bizjournals.com,Male
612,Blanca,Niccols,bniccolsgz@scientificamerican.com,Female
613,Craig,Mulryan,cmulryanh0@yellowpages.com,Male
614,Gael,Popworth,gpopworthh1@tinyurl.com,Male
615,Janet,Saward,jsawardh2@ovh.net,Female
616,Gwenni,Van der Hoeven,gvanderhoevenh3@bbb.org,Female
617,Tome,O'Sherrin,tosherrinh4@amazon.de,Male
618,Sofia,Londing,slondingh5@utexas.edu,Female
619,Mildrid,Bailess,mbailessh6@canalblog.com,Female
620,Tybie,Roughan,troughanh7@wordpress.com,Female
621,Alexei,Tranmer,atranmerh8@deliciousdays.com,Male
622,Rhea,Challicombe,rchallicombeh9@soundcloud.com,Female
623,Shelby,Itzak,sitzakha@cnbc.com,Male
624,Justine,Kinglesyd,jkinglesydhb@yahoo.co.jp,Female
625,Barbey,Berlin,bberlinhc@seesaa.net,Female
626,Thatcher,Fullman,tfullmanhd@desdev.cn,Male
627,Vanna,Lysons,vlysonshe@desdev.cn,Female
628,Anthony,Borthwick,aborthwickhf@admin.ch,Male
629,Mattias,Chasemore,mchasemorehg@odnoklassniki.ru,Male
630,Rozele,Dendle,rdendlehh@walmart.com,Female
631,Burton,Morteo,bmorteohi@w3.org,Male
632,Lisette,Jaggi,ljaggihj@ebay.co.uk,Female
633,Rooney,Cream,rcreamhk@slate.com,Male
634,Noella,Branton,nbrantonhl@wired.com,Female
635,Ulric,Lanfranchi,ulanfranchihm@google.com,Male
636,Reilly,Cuolahan,rcuolahanhn@theatlantic.com,Male
637,Jeffie,Kennsley,jkennsleyho@answers.com,Male
638,Wally,Koeppe,wkoeppehp@zdnet.com,Male
639,Maddie,Gotch,mgotchhq@dot.gov,Female
640,Ron,Beddis,rbeddishr@friendfeed.com,Male
641,Reeva,Braban,rbrabanhs@blogger.com,Female
642,Helen,Lammerding,hlammerdinght@webmd.com,Female
643,Gabbey,Adaway,gadawayhu@jiathis.com,Female
644,Caro,Murphy,cmurphyhv@odnoklassniki.ru,Female
645,Abran,Sharpe,asharpehw@xrea.com,Male
646,Ronnica,Szwarc,rszwarchx@soup.io,Female
647,Torie,Sheber,tsheberhy@mac.com,Female
648,Miguel,Orpyne,morpynehz@hp.com,Male
649,Pris,Rait,praiti0@github.io,Female
650,Hermina,Pinkerton,hpinkertoni1@ox.ac.uk,Female
651,Linus,O'Cridigan,locridigani2@ifeng.com,Male
652,Conrado,Le Leu,cleleui3@csmonitor.com,Male
653,Taddeusz,Siddons,tsiddonsi4@over-blog.com,Male
654,Pierson,Le Barr,plebarri5@fda.gov,Male
655,Chet,Morales,cmoralesi6@mlb.com,Male
656,Linell,Tabner,ltabneri7@umn.edu,Female
657,Conrad,Izhakov,cizhakovi8@ustream.tv,Male
658,Danny,Mcsarry,dmcsarryi9@google.com.hk,Male
659,Alford,Gristwood,agristwoodia@unc.edu,Male
660,Manya,Gerhts,mgerhtsib@baidu.com,Female
661,Archambault,Grimolbie,agrimolbieic@sourceforge.net,Male
662,Shea,Entwistle,sentwistleid@merriam-webster.com,Male
663,Darline,Frenchum,dfrenchumie@bbb.org,Female
664,Alvy,Corradi,acorradiif@altervista.org,Male
665,Brendis,Ingles,binglesig@twitter.com,Male
666,Jim,Comusso,jcomussoih@wp.com,Male
667,Cassi,Benardeau,cbenardeauii@tripod.com,Female
668,Dredi,Paterson,dpatersonij@unc.edu,Female
669,Barbara,Stephens,bstephensik@craigslist.org,Female
670,Sonny,Moulden,smouldenil@uol.com.br,Female
671,Killie,Skedge,kskedgeim@jigsy.com,Male
672,Morrie,Wanell,mwanellin@usnews.com,Male
673,Kennedy,Sand,ksandio@yandex.ru,Male
674,Bradney,Withams,bwithamsip@gizmodo.com,Male
675,Hastings,Evangelinos,hevangelinosiq@live.com,Male
676,Norris,Brugsma,nbrugsmair@technorati.com,Male
677,Jacobo,Kevane,jkevaneis@hhs.gov,Male
678,Michal,Kinleyside,mkinleysideit@ed.gov,Male
679,Ermentrude,Guido,eguidoiu@google.cn,Female
680,Jeana,Durram,jdurramiv@wikia.com,Female
681,Adrienne,Vamplus,avamplusiw@japanpost.jp,Female
682,Brod,Truman,btrumanix@liveinternet.ru,Male
683,Shanta,Coulman,scoulmaniy@acquirethisname.com,Female
684,Annabel,Yakebovitch,ayakebovitchiz@jigsy.com,Female
685,Zelda,Poure,zpourej0@sbwire.com,Female
686,Katti,Brauninger,kbrauningerj1@zimbio.com,Female
687,Grier,Wardrop,gwardropj2@yahoo.co.jp,Female
688,Lynnett,Hughes,lhughesj3@theatlantic.com,Female
689,Reynolds,Shobrook,rshobrookj4@360.cn,Male
690,Broddie,Brogini,bbroginij5@wix.com,Male
691,Alfreda,Wipper,awipperj6@gnu.org,Female
692,Francis,Sodor,fsodorj7@nature.com,Male
693,Kaitlin,Carlaw,kcarlawj8@discuz.net,Female
694,Gipsy,Mollon,gmollonj9@who.int,Female
695,Devina,Wallwork,dwallworkja@drupal.org,Female
696,Fanni,Lowdeane,flowdeanejb@edublogs.org,Female
697,Prent,O'Lagen,polagenjc@unesco.org,Male
698,Boone,Clemo,bclemojd@blogtalkradio.com,Male
699,Ulrich,Markie,umarkieje@google.com.hk,Male
700,Clair,Arnli,carnlijf@ucoz.ru,Male
701,Beverlee,Lineham,blinehamjg@seesaa.net,Female
702,Peyter,Bardsley,pbardsleyjh@linkedin.com,Male
703,Derry,Fishbourn,dfishbournji@admin.ch,Male
704,Matthew,Ruckert,mruckertjj@house.gov,Male
705,Kial,Waszkiewicz,kwaszkiewiczjk@yelp.com,Female
706,Mace,Corston,mcorstonjl@google.com.au,Male
707,Mord,Biscomb,mbiscombjm@nature.com,Male
708,Virgie,Erratt,verrattjn@eepurl.com,Male
709,Dav,Luckie,dluckiejo@amazon.de,Male
710,Alec,Fakes,afakesjp@illinois.edu,Male
711,Aksel,Yeoland,ayeolandjq@weebly.com,Male
712,Lombard,Bartoszinski,lbartoszinskijr@mashable.com,Male
713,Damian,Stanyland,dstanylandjs@redcross.org,Male
714,Joseph,Hylands,jhylandsjt@ucoz.com,Male
715,Roscoe,Palfreyman,rpalfreymanju@slate.com,Male
716,Marcus,Acors,macorsjv@globo.com,Male
717,Gabby,Tolerton,gtolertonjw@nsw.gov.au,Male
718,Kimble,Minto,kmintojx@sphinn.com,Male
719,Teddy,Grimshaw,tgrimshawjy@cbc.ca,Female
720,Ivar,Reen,ireenjz@ezinearticles.com,Male
721,Andros,Grisbrook,agrisbrookk0@amazon.co.jp,Male
722,Johny,Bourtoumieux,jbourtoumieuxk1@dot.gov,Male
723,Darby,Rodden,droddenk2@alexa.com,Female
724,Chiquia,Crame,ccramek3@so-net.ne.jp,Female
725,Benny,Titt,btittk4@surveymonkey.com,Female
726,Jennie,Farnell,jfarnellk5@list-manage.com,Female
727,Manolo,Stanyard,mstanyardk6@squarespace.com,Male
728,Vassili,Cutteridge,vcutteridgek7@microsoft.com,Male
729,Parker,Canadas,pcanadask8@ucoz.com,Male
730,Celina,Northam,cnorthamk9@samsung.com,Female
731,Keeley,Kruszelnicki,kkruszelnickika@china.com.cn,Female
732,Dorena,Plewright,dplewrightkb@tinypic.com,Female
733,Bil,Bourges,bbourgeskc@washington.edu,Male
734,Ernesto,Martinello,emartinellokd@cdbaby.com,Male
735,Lucinda,Beniesh,lbenieshke@artisteer.com,Female
736,Brody,Hatchett,bhatchettkf@ibm.com,Male
737,Vick,Barthram,vbarthramkg@berkeley.edu,Male
738,Gabby,Trembey,gtrembeykh@unblog.fr,Male
739,Kessiah,Lampard,klampardki@marketwatch.com,Female
740,Gottfried,Stoggles,gstoggleskj@omniture.com,Male
741,Grady,Bestiman,gbestimankk@bbc.co.uk,Male
742,Adele,Boreland,aborelandkl@ft.com,Female
743,Abel,MacTrustram,amactrustramkm@google.co.uk,Male
744,Wilbert,Daffey,wdaffeykn@free.fr,Male
745,Geralda,Mirralls,gmirrallsko@psu.edu,Female
746,Georgianne,Dugan,gdugankp@japanpost.jp,Female
747,Fidelia,Passler,fpasslerkq@google.nl,Female
748,Franny,Davenport,fdavenportkr@economist.com,Male
749,Simon,Dainty,sdaintyks@digg.com,Male
750,Benn,Mayworth,bmayworthkt@histats.com,Male
751,Sylas,Sillett,ssillettku@examiner.com,Male
752,Wendy,Blurton,wblurtonkv@tuttocitta.it,Female
753,Albie,Dilger,adilgerkw@trellian.com,Male
754,Federica,Battabee,fbattabeekx@hao123.com,Female
755,Boot,Shepland,bsheplandky@t.co,Male
756,Lacee,Cham,lchamkz@discuz.net,Female
757,Filide,Winham,fwinhaml0@boston.com,Female
758,Herve,MacDaid,hmacdaidl1@typepad.com,Male
759,Grazia,Spore,gsporel2@google.com.au,Female
760,Novelia,Lindro,nlindrol3@histats.com,Female
761,Darleen,Dewire,ddewirel4@theguardian.com,Female
762,Sergio,Glewe,sglewel5@drupal.org,Male
763,Penni,Charrette,pcharrettel6@google.com.br,Female
764,Oona,Leete,oleetel7@wp.com,Female
765,Hugo,Shewsmith,hshewsmithl8@china.com.cn,Male
766,Corilla,Nisard,cnisardl9@kickstarter.com,Female
767,Clark,McKinley,cmckinleyla@cam.ac.uk,Male
768,Anne-corinne,Arnett,aarnettlb@illinois.edu,Female
769,Andra,Fosberry,afosberrylc@mit.edu,Female
770,Nil,Fitchew,nfitchewld@amazon.com,Male
771,Cyndi,Bonanno,cbonannole@squarespace.com,Female
772,Annadiana,Crusham,acrushamlf@un.org,Female
773,Konstantine,McInnes,kmcinneslg@answers.com,Male
774,Etta,Dunphy,edunphylh@discuz.net,Female
775,Chandal,Rosenbush,crosenbushli@friendfeed.com,Female
776,Audry,Ilymanov,ailymanovlj@ning.com,Female
777,Tova,Ostridge,tostridgelk@psu.edu,Female
778,Gustaf,Fessions,gfessionsll@pbs.org,Male
779,Carroll,Garbett,cgarbettlm@tamu.edu,Female
780,Daloris,Mollene,dmolleneln@discovery.com,Female
781,Billy,Pellamonuten,bpellamonutenlo@slideshare.net,Male
782,Reggis,Arsnell,rarsnelllp@mashable.com,Male
783,Simone,Stowers,sstowerslq@apache.org,Male
784,Nickola,Breslin,nbreslinlr@indiatimes.com,Male
785,Louisa,Dawbury,ldawburyls@icio.us,Female
786,Sybil,Cornick,scornicklt@merriam-webster.com,Female
787,Ansley,Berka,aberkalu@wordpress.com,Female
788,Betti,Danell,bdanelllv@google.de,Female
789,Jock,Serginson,jserginsonlw@dyndns.org,Male
790,Millie,Ruos,mruoslx@who.int,Female
791,Row,Simione,rsimionely@cam.ac.uk,Female
792,Hew,Iannetti,hiannettilz@google.com.br,Male
793,Donn,Haug,dhaugm0@tamu.edu,Male
794,Ricky,Connow,rconnowm1@ask.com,Female
795,Flora,Itshak,fitshakm2@multiply.com,Female
796,Reyna,Ox,roxm3@timesonline.co.uk,Female
797,Estrellita,Bruni,ebrunim4@last.fm,Female
798,Norah,Pimlott,npimlottm5@dot.gov,Female
799,Hedwiga,Heinicke,hheinickem6@oracle.com,Female
800,Daryl,Bradfield,dbradfieldm7@techcrunch.com,Female
801,Reube,Hadden,rhaddenm8@moonfruit.com,Male
802,Kinsley,Lindenblatt,klindenblattm9@google.pl,Male
803,Fulton,Tipple,ftipplema@seattletimes.com,Male
804,Natalina,Minichi,nminichimb@wikispaces.com,Female
805,Austine,Tandy,atandymc@miitbeian.gov.cn,Female
806,Sella,Izkovici,sizkovicimd@tamu.edu,Female
807,Ashil,Rains,arainsme@list-manage.com,Female
808,Rafa,Peeke,rpeekemf@who.int,Female
809,Gale,Merdew,gmerdewmg@shutterfly.com,Female
810,Ezra,Devall,edevallmh@elegantthemes.com,Male
811,Dare,Liffey,dliffeymi@tinypic.com,Male
812,Robin,Hannabuss,rhannabussmj@over-blog.com,Male
813,Natty,Darcy,ndarcymk@ibm.com,Male
814,Eddy,Burstowe,eburstoweml@1688.com,Male
815,Yovonnda,Ashmole,yashmolemm@shareasale.com,Female
816,Binky,Braithwaite,bbraithwaitemn@yandex.ru,Male
817,Carlie,Scarsbrick,cscarsbrickmo@ucsd.edu,Male
818,Dion,Kirimaa,dkirimaamp@bravesites.com,Male
819,Bobby,Tolefree,btolefreemq@networkadvertising.org,Male
820,Demott,Unstead,dunsteadmr@google.com,Male
821,Venita,Zapata,vzapatams@ucoz.com,Female
822,Cullie,Lantiff,clantiffmt@vk.com,Male
823,Emilie,Whorton,ewhortonmu@fotki.com,Female
824,Sharleen,Klebes,sklebesmv@geocities.com,Female
825,Gualterio,Sicily,gsicilymw@ftc.gov,Male
826,Alano,Beere,abeeremx@slideshare.net,Male
827,Brooke,Riddiford,briddifordmy@yelp.com,Male
828,Gun,Colvill,gcolvillmz@sfgate.com,Male
829,Kelsey,Yearn,kyearnn0@nature.com,Female
830,Allayne,Mengue,amenguen1@goo.ne.jp,Male
831,Camilla,Mityakov,cmityakovn2@alibaba.com,Female
832,Balduin,Lighton,blightonn3@omniture.com,Male
833,Millard,Gresty,mgrestyn4@oaic.gov.au,Male
834,Damiano,Colicot,dcolicotn5@go.com,Male
835,Diana,Fennell,dfennelln6@wordpress.org,Female
836,Donny,Filyushkin,dfilyushkinn7@blog.com,Male
837,Bartel,Shilstone,bshilstonen8@nature.com,Male
838,Madonna,Shelliday,mshellidayn9@arstechnica.com,Female
839,Quillan,Imos,qimosna@diigo.com,Male
840,Rozalie,Raine,rrainenb@businessinsider.com,Female
841,Jamesy,Holbury,jholburync@wp.com,Male
842,Hinze,Welford,hwelfordnd@washington.edu,Male
843,Elvira,Raynham,eraynhamne@gnu.org,Female
844,Valenka,Tosdevin,vtosdevinnf@craigslist.org,Female
845,Wally,Pirrey,wpirreyng@harvard.edu,Male
846,Sher,Carbine,scarbinenh@icio.us,Female
847,Hill,Suttle,hsuttleni@furl.net,Male
848,Ashby,Kinforth,akinforthnj@scientificamerican.com,Male
849,Lucille,Bearns,lbearnsnk@zdnet.com,Female
850,Crysta,MacNab,cmacnabnl@163.com,Female
851,Orbadiah,Dalligan,odalligannm@amazon.co.jp,Male
852,Nissie,Worlock,nworlocknn@a8.net,Female
853,Teresina,Lowey,tloweyno@sun.com,Female
854,Elaina,Devers,edeversnp@businesswire.com,Female
855,Fionnula,Arthur,farthurnq@un.org,Female
856,Sibley,Gerding,sgerdingnr@godaddy.com,Female
857,Tremain,Spittle,tspittlens@netvibes.com,Male
858,Bertine,Downgate,bdowngatent@oakley.com,Female
859,Denni,Stranger,dstrangernu@foxnews.com,Female
860,Conrad,Orneles,cornelesnv@clickbank.net,Male
861,Nesta,Schieferstein,nschiefersteinnw@opera.com,Female
862,Nikolos,Waddingham,nwaddinghamnx@go.com,Male
863,Early,Feaks,efeaksny@baidu.com,Male
864,Anjanette,Gowrie,agowrienz@dropbox.com,Female
865,Emelen,Armsby,earmsbyo0@wikispaces.com,Male
866,Alisa,Scranedge,ascranedgeo1@odnoklassniki.ru,Female
867,Ganny,Millan,gmillano2@pbs.org,Male
868,Moshe,Brammall,mbrammallo3@facebook.com,Male
869,Trudey,Jakubovits,tjakubovitso4@is.gd,Female
870,Karlik,Prettejohns,kprettejohnso5@state.tx.us,Male
871,Denna,Renzini,drenzinio6@jalbum.net,Female
872,Daron,Mirfin,dmirfino7@nyu.edu,Male
873,Gonzales,Brankley,gbrankleyo8@webmd.com,Male
874,Winny,McMains,wmcmainso9@booking.com,Female
875,Cassi,Cosh,ccoshoa@disqus.com,Female
876,Dorothy,Phair,dphairob@utexas.edu,Female
877,Oby,Parriss,oparrissoc@usgs.gov,Male
878,Allie,Pontin,apontinod@naver.com,Female
879,Bernie,Lilie,blilieoe@vimeo.com,Female
880,Britteny,Leverett,bleverettof@tiny.cc,Female
881,Benny,Esler,beslerog@drupal.org,Female
882,Poppy,Peagram,ppeagramoh@sciencedaily.com,Female
883,Jackie,Rushmere,jrushmereoi@mapy.cz,Male
884,Gerti,Zanelli,gzanellioj@icio.us,Female
885,Wolfgang,Schollar,wschollarok@cbsnews.com,Male
886,Monti,Jackman,mjackmanol@fotki.com,Male
887,Rosetta,Loughan,rloughanom@howstuffworks.com,Female
888,Dinnie,Bollin,dbollinon@sbwire.com,Female
889,Maxy,Snedker,msnedkeroo@merriam-webster.com,Male
890,Eduard,Headington,eheadingtonop@typepad.com,Male
891,Avictor,Storrar,astorraroq@wiley.com,Male
892,Lyman,Morrill,lmorrillor@opera.com,Male
893,Michael,Courtese,mcourteseos@wix.com,Male
894,Haroun,Rutherforth,hrutherforthot@ft.com,Male
895,Farlie,Tibbits,ftibbitsou@delicious.com,Male
896,Allan,Stannas,astannasov@blogtalkradio.com,Male
897,Agnese,Maginn,amaginnow@marriott.com,Female
898,Roxana,Odney,rodneyox@infoseek.co.jp,Female
899,Andris,Rossin,arossinoy@ifeng.com,Male
900,Greggory,Hains,ghainsoz@icio.us,Male
901,Rafe,Raven,rravenp0@uiuc.edu,Male
902,Raff,Klebes,rklebesp1@cbslocal.com,Male
903,Cedric,Robet,crobetp2@microsoft.com,Male
904,Denver,Brainsby,dbrainsbyp3@ebay.co.uk,Male
905,Aubrie,Irvin,airvinp4@reddit.com,Female
906,Orlan,Le feuvre,olefeuvrep5@ox.ac.uk,Male
907,Kenny,Wardroper,kwardroperp6@xing.com,Male
908,Marielle,McCaughren,mmccaughrenp7@wired.com,Female
909,Cristie,Hirthe,chirthep8@tiny.cc,Female
910,Hiram,Heffy,hheffyp9@sina.com.cn,Male
911,Lark,Mapam,lmapampa@google.cn,Female
912,Waylen,Ambrogiotti,wambrogiottipb@skyrock.com,Male
913,Basil,Anchor,banchorpc@berkeley.edu,Male
914,Roderich,Marlin,rmarlinpd@photobucket.com,Male
915,Janaye,Takos,jtakospe@salon.com,Female
916,Yorgo,Vequaud,yvequaudpf@tumblr.com,Male
917,Armando,Stinson,astinsonpg@un.org,Male
918,Mateo,Reichardt,mreichardtph@sbwire.com,Male
919,Olwen,Farnfield,ofarnfieldpi@alexa.com,Female
920,Carilyn,McAw,cmcawpj@elegantthemes.com,Female
921,Danica,Dimberline,ddimberlinepk@printfriendly.com,Female
922,Early,Weiner,eweinerpl@goo.gl,Male
923,Minor,Dienes,mdienespm@posterous.com,Male
924,Cecelia,Bechley,cbechleypn@deviantart.com,Female
925,Giffer,Shirlaw,gshirlawpo@google.de,Male
926,Dosi,Sprowle,dsprowlepp@dropbox.com,Female
927,Gussie,Challinor,gchallinorpq@4shared.com,Female
928,Caprice,Stevenson,cstevensonpr@topsy.com,Female
929,Vanda,Belson,vbelsonps@nymag.com,Female
930,Arnold,Lummus,alummuspt@google.ca,Male
931,Talbot,Dummigan,tdummiganpu@php.net,Male
932,Kylie,Paley,kpaleypv@indiatimes.com,Male
933,Jared,Nudd,jnuddpw@google.fr,Male
934,Alexandre,McKelvey,amckelveypx@rakuten.co.jp,Male
935,Novelia,Harnor,nharnorpy@acquirethisname.com,Female
936,Leonie,Butchard,lbutchardpz@slate.com,Female
937,Ewan,Leander,eleanderq0@desdev.cn,Male
938,Dunc,Livesay,dlivesayq1@google.com,Male
939,Waylen,Coupe,wcoupeq2@amazon.co.jp,Male
940,Kirsti,Ennor,kennorq3@mapquest.com,Female
941,Pamelina,Sarath,psarathq4@sciencedaily.com,Female
942,Wendy,Fugere,wfugereq5@cnet.com,Female
943,Eberhard,Radclyffe,eradclyffeq6@huffingtonpost.com,Male
944,Tab,McCrisken,tmccriskenq7@ucsd.edu,Male
945,Fayette,Oades,foadesq8@bluehost.com,Female
946,Gaylord,Shark,gsharkq9@youtube.com,Male
947,Valaria,Sallan,vsallanqa@ycombinator.com,Female
948,Jecho,Colleton,jcolletonqb@comcast.net,Male
949,Byrle,Elford,belfordqc@squarespace.com,Male
950,Eliza,Essame,eessameqd@hexun.com,Female
951,Griffie,Bartoloma,gbartolomaqe@sbwire.com,Male
952,Ximenes,Bush,xbushqf@java.com,Male
953,Creight,Magill,cmagillqg@prweb.com,Male
954,Darelle,Le Friec,dlefriecqh@latimes.com,Female
955,Louie,Sabberton,lsabbertonqi@omniture.com,Male
956,Zarla,Shotboult,zshotboultqj@nsw.gov.au,Female
957,Valerye,Evens,vevensqk@dmoz.org,Female
958,Ravid,Guest,rguestql@naver.com,Male
959,Galina,Mallett,gmallettqm@businesswire.com,Female
960,Emelen,McTurley,emcturleyqn@hatena.ne.jp,Male
961,Everett,Gaymar,egaymarqo@gnu.org,Male
962,Bogey,Nudds,bnuddsqp@addtoany.com,Male
963,Olive,Rains,orainsqq@4shared.com,Female
964,Maren,Ruckhard,mruckhardqr@typepad.com,Female
965,Barnaby,Jakov,bjakovqs@google.com,Male
966,Hulda,Phair,hphairqt@sitemeter.com,Female
967,Garrik,Bowich,gbowichqu@linkedin.com,Male
968,Zeke,Yuranovev,zyuranovevqv@desdev.cn,Male
969,Zulema,Seally,zseallyqw@ehow.com,Female
970,Burg,Grinval,bgrinvalqx@uiuc.edu,Male
971,Fawne,Stockoe,fstockoeqy@ovh.net,Female
972,Orton,Rodenborch,orodenborchqz@instagram.com,Male
973,Jacenta,Garahan,jgarahanr0@ameblo.jp,Female
974,Anthia,Heber,aheberr1@csmonitor.com,Female
975,Hilliary,Newcom,hnewcomr2@time.com,Female
976,Luther,Rhodus,lrhodusr3@globo.com,Male
977,Theo,Rexworthy,trexworthyr4@businessweek.com,Male
978,Justinian,Yoxall,jyoxallr5@cafepress.com,Male
979,Keene,MacArdle,kmacardler6@businesswire.com,Male
980,Albina,Hares,aharesr7@g.co,Female
981,Eleanora,Jordan,ejordanr8@yelp.com,Female
982,Kaitlyn,Rubury,kruburyr9@cloudflare.com,Female
983,Gabriell,Fydoe,gfydoera@mlb.com,Female
984,Pascale,Pharo,ppharorb@is.gd,Male
985,Lorelle,Acum,lacumrc@google.nl,Female
986,Zora,Guiducci,zguiduccird@nyu.edu,Female
987,Lydon,Pochon,lpochonre@amazon.de,Male
988,Matty,Edmondson,medmondsonrf@about.com,Male
989,Gale,Fowlestone,gfowlestonerg@mediafire.com,Female
990,Wilden,Thornewill,wthornewillrh@eepurl.com,Male
991,Enriqueta,Brugmann,ebrugmannri@goo.ne.jp,Female
992,Augy,Urian,aurianrj@ed.gov,Male
993,Kendal,Brave,kbraverk@theguardian.com,Male
994,Frans,Sail,fsailrl@slate.com,Male
995,Inigo,Kinsley,ikinsleyrm@fc2.com,Male
996,Cliff,Morrieson,cmorriesonrn@spiegel.de,Male
997,Phebe,Kingaby,pkingabyro@ebay.co.uk,Female
998,Lindsay,Roughey,lrougheyrp@merriam-webster.com,Female
999,Louella,Lupton,lluptonrq@cafepress.com,Female
1000,Norry,Georgiev,ngeorgievrr@linkedin.com,Female
